ID,gene,strand,LP,RP,Sequence,Separate,Codon,next,
ECMDS42_0030,caiC,-1,31091,31118,ata att AGA aag aat ctg aaa taaATG,0,CGG,,
ECMDS42_0044,ksgA,-1,46427,46444,cag gag AGT taa cgATG,1,,,
ECMDS42_0046,surA,-1,48237,48254,atc ctg AGC aac taATG,1,,,
ECMDS42_0061,tbpA,-1,69342,69356,tgg att AGC gaATG,1,,,already being separated
ECMDS42_0071,ilvI,1,82164,82184,acg gag AGA acc tga ttATG,0,CGG,,
ECMDS42_0075,mraW,1,85839,85859,gca gag AGG acg aat gcATG,0,CGG,,
ECMDS42_0077,ftsI,1,87989,87993,gGTG,1,,,already being separated
ECMDS42_0101,ampD,1,114085,114108,ctg gtc AGC aag gag aca acATG,0,,,
ECMDS42_0167,fabZ,1,191396,191423,gct cgt AGC cgg gag gcc tga tacGTG,0,,,
ECMDS42_0177,yaeP,-1,202789,202811,ctg gtg AGC gat tat gtcaATG,0,TCG,,
ECMDS42_0224,ykfJ,1,242541,242566,ccg gca AGA cgt cgc ggt aac gGTG,0,CGA,cgg,
ECMDS42_0242,yahE,1,262938,262969,gcg ctg AGC caa acc tac gga ggg aat tATG,0,,,
ECMDS42_0258,codB,1,282352,282362,gct aac aGTG,0,,,
ECMDS42_0270,mhpB,1,297389,297415,AGC gcc AGA aca gag aac tga atATG,0,,,
ECMDS42_0272,mhpD,1,299095,299112,aaa gga AGT ctg tcATG,1,,,
ECMDS42_0324,panE,-1,351380,351405,gta aaa AGA aag gag AGT gaatATG,1,,,
ECMDS42_0403,ybbV,1,438073,438090,att aag AGG gat ttATG,1,,,
ECMDS42_0420,ppiB,-1,454391,454411,acc gtt AGC gag taa tcGTG,0,TCG,,
ECMDS42_0445,fes,1,487440,487460,cat gac AGG AGT tga atATG,1,,,
ECMDS42_0480,citA,1,527376,527380,aATG,1,,,already being separated
ECMDS42_0495,mrdB,-1,538702,538730,tcg aaa AGC gtg taa ******cgcaATG,0,,,
ECMDS42_0498,ybeB,-1,542227,542245,ctc tgg AGT taa tgcGTG,1,,,
ECMDS42_0506,ybeR,1,550916,550933,gat atg AGC gac ctATG,1,,,
ECMDS42_0509,ybeU,1,553713,553730,gat gtg AGC gac ctATG,1,,,
ECMDS42_0514,gltK,-1,558767,558790,TTG aaa AGA AGG aca gca taATG,1,,,
ECMDS42_0587,tolQ,1,638557,638584,AGC gag AGC aac aag ggg taa gccATG,0,,,
ECMDS42_0640,ybhP,-1,686468,686494,cct TTA AGT gcg gag att cat ttATG,0,TCA,,
ECMDS42_0644,ybhF,-1,689981,689994,gag cat agcaATG,0,,,
ECMDS42_0646,ybiH,-1,692701,692721,tcg caa AGG AGT TTG taGTG,1,,,
ECMDS42_0660,glnP,-1,709192,709218,ctg gaa AGA AGG atg aaa atc ctGTG,1,,,
ECMDS42_0682,yliC,1,734602,734625,gct atc AGG tac aag taa ggATG,0,CGG,,
ECMDS42_0696,ybjJ,-1,748860,748874,gag aat AGT tgATG,1,,,
ECMDS42_0702,ybjC,1,753897,753919,tca gaa AGA gaa aaa gat aATG,0,CGA,,
ECMDS42_0708,potH,1,759793,759819,caa aaa AGC gtg gga gaa cac ggATG,0,,,
ECMDS42_0714,artQ,-1,764263,764283,gag cgg AGG ccc AGC taATG,1,,,
ECMDS42_0725,hcp,-1,774879,774908,ctg TTG AGC gcg taa *********cgATG,0,,,
ECMDS42_0769,ycaR,1,833570,833587,gat gag AGT aaa tcATG,1,,,
ECMDS42_0773,smtA,1,837031,837054,ccg cag AGC aag gat aaa gtATG,0,,,
ECMDS42_0775,mukE,1,839035,839061,cca gat AGC gga gag gaa gaa taATG,0,,,
ECMDS42_0787,ssuD,-1,857561,857586,gcg caa AGC taa ******aataATG,0,,,
ECMDS42_0792,ycbS,1,864537,864542,atATG,1,,,already being separated
ECMDS42_0795,ycbV,1,866651,866682,aat gcc AGC gcg aca ttt gta ctt cat tATG,0,,,
ECMDS42_0826,hyaC,1,898479,898505,aaa ata AGT aac aag gag cgt tcATG,0,,,
ECMDS42_0835,ymcE,1,906258,906286,ctt TTA AGA cca gaa gag gtt aac aGTG,0,,,
ECMDS42_0875,csgD,-1,945538,945560,aac ctc AGG cga taa agccATG,0,CGG,,
ECMDS42_0938,lolD,1,1008668,1008697,gaa ctg AGC ctg atg ggg gcg gag taATG,0,,,
ECMDS42_0943,ymfA,-1,1012638,1012667,tca cgc AGG aaa cgg aag tcc cgc ccATG,0,,,
ECMDS42_0976,dadA,1,1044288,1044312,gca cac AGC taa ******gagATG,0,,,
ECMDS42_1017,narG,1,1089020,1089037,cag gag AGC gta aaATG,1,,,
ECMDS42_1018,narH,1,1090543,1090572,gtg acc AGC aaa acg gag ccg cat ccATG,0,,,
ECMDS42_1061,yciV,1,1128315,1128332,aca gag AGG gaa ttATG,0,CGG,,
ECMDS42_1079,pyrF,1,1146875,1146892,cag cgg AGT gca tgATG,1,,,
ECMDS42_1098,puuC,1,1168441,1168466,tgg ata AGC ctg gag gcc tga aATG,0,,,
ECMDS42_1103,pspB,1,1173239,1173259,aac tgg AGG gat cgc taATG,0,CGG,,
ECMDS42_1109,ycjO,1,1178296,1178324,ctg acc AGG aaa cgg gtg aac ctc aATG,0,CGG,,
ECMDS42_1116,ycjV,1,1186009,1186023,ggc acg AGT taGTG,0,,,
ECMDS42_1160,ydcT,1,1226383,1226398,gag gag AGG tgaATG,0,CGG,,
ECMDS42_1178,narW,-1,1243443,1243469,gac atc AGT gcg gga ggt ggg aaATG,0,,,
ECMDS42_1196,ddpD,-1,1264864,1264874,gtt ataaGTG,0,,,
ECMDS42_1199,ddpA,-1,1267755,1267774,acc atg AGT aaa taacGTG,0,TCG,,
ECMDS42_1200,ddpX,-1,1269307,1269335,cac gtc AGT taa *********tgtcATG,0,,,
ECMDS42_1224,ego,1,1309822,1309851,ggc gat AGT cag cgt cag gag gcg tcATG,0,,,
ECMDS42_1298,rsxA,1,1387907,1387936,ggc ttt AGT ggt TTG gtg aag TTG taATG,0,,,
ECMDS42_1315,ydhJ,1,1403680,1403709,acc tgt AGC att gcc gta ggt caa taATG,0,,,
ECMDS42_1352,sufD,-1,1442105,1442116,ggt gca agATG,0,,,
ECMDS42_1354,sufB,-1,1444094,1444124,gaa cac AGC gtc gga taa ******aacATG,0,,,
ECMDS42_1364,ydiN,1,1455348,1455377,aag cat AGA ggt taa *********ttATG,0,,,
ECMDS42_1423,astC,-1,1512347,1512370,ttt gtt AGC cga ggt tca tcATG,0,TCG,,
ECMDS42_1427,ydjZ,1,1517083,1517103,cag aag AGG aat gcc tgATG,0,CGG,,
ECMDS42_1430,ynjC,1,1520309,1520335,tat gtc AGA caa gga ctc cgc taATG,0,CGA,,
ECMDS42_1508,yebS,1,1597630,1597661,ctg gac AGC cgc TTA ctt tgg gat gca cATG,0,,,
ECMDS42_1518,yobA,-1,1604736,1604760,acc ttt AGC gtg aaa taa atcATG,0,,,
ECMDS42_1557,otsB,-1,1644993,1645015,aat aac AGG AGT gat gactATG,1,,,
ECMDS42_1574,uvrY,-1,1658087,1658101,TTA tca AGT caGTG,1,,,
ECMDS42_1639,hisF,1,1719133,1719147,gag atc AGG atATG,1,,,
ECMDS42_1660,mdtD,1,1749068,1749088,cga aaa AGG AGC gcg caATG,1,,,
ECMDS42_1661,baeS,1,1750471,1750488,TTA cag AGA gaa gtATG,0,CGA,,
ECMDS42_1694,yehU,-1,1787108,1787128,cca tgg AGG gac gag gcATG,0,CGG,,
ECMDS42_1747,yejA,1,1848304,1848331,tcc gcc AGC aaa cag gga gag tagATG,0,,,
ECMDS42_1762,ccmG,-1,1862776,1862802,aaa tac AGT aag gag gcc gca caATG,0,,,
ECMDS42_1766,ccmC,-1,1865952,1865972,ctg aaa AGA ggc cgt aaATG,0,CGA,ggg,
ECMDS42_1768,ccmA,-1,1867390,1867407,caa acg AGG gcc gcATG,1,,,
ECMDS42_1771,napH,-1,1869084,1869110,cga tgg AGT tcg gga gcg aaa tcATG,0,,,
ECMDS42_1780,ada,-1,1879707,1879721,gag gag AGG taATG,1,,,
ECMDS42_1789,atoD,1,1894464,1894481,cag gag AGC aaa taATG,1,,,
ECMDS42_1804,nrdB,1,1918860,1918886,gat TTG AGT aac ttc cag ctc tgATG,0,,,
ECMDS42_1824,yfbF,1,1938385,1938411,cca tcc AGC aag gaa aat gaa taATG,0,,,
ECMDS42_1826,yfbH,1,1941263,1941280,gcg ggt AGT cgc tgATG,1,,,
ECMDS42_1828,yfbW,1,1943244,1943264,ctc ggg AGT acg gtg taATG,1,,,
ECMDS42_1835,menD,-1,1947958,1947975,cag gta AGC cat ttATG,1,,,
ECMDS42_1850,nuoK,-1,1965412,1965435,tca gta AGT gag atg cgc ggATG,0,,,
ECMDS42_1851,nuoJ,-1,1965711,1965740,gcg aaa AGA aaa acg gag gag cac gcATG,0,,,
ECMDS42_1879,hisQ,-1,1995599,1995619,gtg aag AGG gct gac ctGTG,1,,,
ECMDS42_1886,folC,-1,2002050,2002063,cgg cga agcgATG,1,,,(false negative on AGG AGA)
ECMDS42_1907,yfcS,-1,2021950,2021973,gag cag AGC cgc aaa ggc tgATG,0,,,
ECMDS42_1948,yfeC,1,2071213,2071232,cgc gat AGC aaa taa tATG,0,TCG,,
ECMDS42_1962,ligA,-1,2080575,2080591,ctg ggt AGC tgagATG,1,,,
ECMDS42_2004,ypfE,-1,2121083,2121110,acc aaa AGT taa *********ttcATG,0,,,
ECMDS42_2029,hyfF,1,2154109,2154119,aaa cac aGTG,0,,,
ECMDS42_2048,yfgH,1,2175928,2175958,gaa aag AGC taa ************gtcATG,0,,,
ECMDS42_2063,yfhM,-1,2192951,2192969,att gtc AGA ccg taaATG,1,,,
ECMDS42_2083,hcaF,1,2216517,2216540,aac ctg AGT gta ctg ttc tgATG,0,TCG,,
ECMDS42_2148,yfiN,1,2289227,2289257,ctg gtg AGA taa ************gatATG,0,,,
ECMDS42_2162,yfjG,-1,2299924,2299934,gtt tacaGTG,0,,,
ECMDS42_2177,nrdH,1,2311491,2311505,gcg gcc AGT gcATG,1,,,
ECMDS42_2212,srlR,1,2340340,2340353,gga gag AGC aATG,0,,,
ECMDS42_2220,ascF,1,2351501,2351530,gaa gta AGT ctt aat tga ******aaATG,0,,,
ECMDS42_2223,hycH,-1,2353577,2353596,atg gtg AGG AGA ctgcGTG,1,,,
ECMDS42_2229,hycB,-1,2359775,2359798,gct caa AGT gga gag gct aaATG,0,,,
ECMDS42_2243,ygbL,1,2374754,2374776,gaa TTA AGG AGT taa ***aATG,1,,,
ECMDS42_2249,surE,-1,2380053,2380082,TTA aac AGC gtg gga gtt ggc acg caATG,0,,,
ECMDS42_2260,ygbT,-1,2389387,2389406,cat cgg AGT AGC tgaaATG,1,,,
ECMDS42_2271,ygcN,1,2404439,2404459,gtt atc AGG AGT ctg cgATG,1,,,
ECMDS42_2275,ygcR,-1,2406313,2406333,cgc caa AGG atg cag ccATG,1,,,
ECMDS42_2296,yqcC,-1,2434318,2434332,gat gcg AGC taATG,1,,,
ECMDS42_2312,ygdD,-1,2451777,2451790,ggc gta agtcATG,0,,,
ECMDS42_2327,ptr,-1,2466537,2466556,ctg atg AGT gaa aagaATG,1,,,
ECMDS42_2330,ygdB,-1,2473298,2473315,aaa gag AGG gcg ttATG,1,,,
ECMDS42_2331,ppdB,-1,2473690,2473719,AGC tat AGC gtg aca gga ttc aac ctGTG,0,,,
ECMDS42_2336,nudH,-1,2478968,2478998,cgt aaa AGA ggt taa *********attATG,0,,,
ECMDS42_2392,dsbC,-1,2544762,2544788,atg acc AGC ggt aaa taa ***gcGTG,0,,,
ECMDS42_2407,pepP,-1,2560174,2560191,gct gcg AGA aag caATG,1,,,
ECMDS42_2417,yliK,1,2569630,2569649,ctg ata AGC cag cat cATG,1,,,
ECMDS42_2458,yggH,-1,2608080,2608100,ttc gag AGG gtg aaa taATG,0,CGG,,
ECMDS42_2470,hybE,-1,2620565,2620587,ggt cgc AGG AGT ggc gaaaATG,1,,,
ECMDS42_2473,hybB,-1,2623236,2623253,gag gcg AGC aaa gcATG,1,,,
ECMDS42_2530,ttdA,1,2680691,2680708,acc cgg AGC gcg ttATG,1,,,
ECMDS42_2545,ebgA,1,2699036,2699059,TTG cac AGC gag aat aag caATG,0,,,
ECMDS42_2606,agaC,1,2758802,2758815,gac tac AGC aATG,1,,,
ECMDS42_2614,yraM,1,2768711,2768731,att aac AGG aac TTA tcATG,1,,,
ECMDS42_2635,rbfA,-1,2786108,2786131,gac gac AGC aag gag gac taATG,0,,,
ECMDS42_2663,yrbF,-1,2812579,2812601,cca ggg AGT taa ***actcATG,0,,,
ECMDS42_2693,sspA,-1,2844626,2844646,ggc cgg AGT taa ***gtATG,0,,,
ECMDS42_2711,yhdE,-1,2865645,2865664,gag aaa AGG gat aaacATG,1,,,
ECMDS42_2747,smf,-1,2900314,2900336,cga TTG AGG AGG gca tgccATG,1,,,
ECMDS42_2790,yheM,-1,2926889,2926914,att TTG AGG ttt tga ***gtttATG,0,,,
ECMDS42_2791,yheN,-1,2927256,2927282,tgt gac AGG gtg gta cag ttc tgATG,0,CGG,,
ECMDS42_2799,yheS,1,2935115,2935132,ggc caa AGC aac tgATG,1,,,
ECMDS42_2809,yhfG,-1,2943387,2943406,gag ctg AGG AGT cactATG,1,,,
ECMDS42_2819,frlC,1,2955086,2955097,gat gag agATG,0,,,
ECMDS42_2831,gph,-1,2965562,2965593,ccg cat AGC gaa aat cag gaa tcg aaaaATG,0,,,
ECMDS42_2832,rpe,-1,2966313,2966344,atg cgc AGT gaa ctg gca aag gta agtcATG,0,,,
ECMDS42_2840,yrfC,-1,2973373,2973395,TTA aca AGG aag gtt agcgATG,0,CGG,,
ECMDS42_2890,ugpE,-1,3037195,3037217,gtc gat AGT gag aaa taagATG,0,,,
ECMDS42_2891,ugpA,-1,3038042,3038068,gtt gaa AGC aag gtg cgt tac caATG,0,,,
ECMDS42_2904,yhhF,1,3052987,3053000,gga gaa AGT gATG,0,,,
ECMDS42_2923,yhiI,-1,3070865,3070885,gtg gtg AGG TTG ccg caATG,1,,,
ECMDS42_2972,bcsF,1,3137102,3137125,aaa gcc AGG gca acc aaa aaATG,0,CGG,,
ECMDS42_2978,dppD,-1,3141773,3141793,gcc ggg AGG ccg aca ctATG,1,,,
ECMDS42_3004,xylG,1,3171166,3171188,gca TTG AGG AGC gaa cat cATG,1,,,
ECMDS42_3038,lldR,1,3209022,3209045,cat tcg AGG gag aaa aac gcATG,0,CGG,,
ECMDS42_3047,envC,1,3217301,3217319,TTG gga AGA taa gttTTG,1,,,
ECMDS42_3062,rfaB,-1,3232269,3232286,tcc cgg AGG aaa taATG,1,,,
ECMDS42_3066,rfaQ,-1,3236278,3236301,gct gac AGG aat gca caa ttATG,0,CGG,,
ECMDS42_3110,yidG,-1,3284822,3284839,att gag AGA gtc gcATG,1,,,
ECMDS42_3114,yidK,-1,3287615,3287629,aag gat AGC ctATG,0,,,
ECMDS42_3130,dgoK,-1,3302823,3302845,ggt ata AGG AGC atc gctcATG,1,,,
ECMDS42_3131,dgoR,-1,3303685,3303711,aca cga AGG TTA aag gaa atc acATG,0,,,
ECMDS42_3141,yidD,1,3314270,3314293,gat acc AGA gaa cac taa cgATG,0,CGG,,
ECMDS42_3190,rbsK,1,3367420,3367444,TTA gac AGG cag AGG tga cgcTTG,1,,,
ECMDS42_3228,rffC,1,3404344,3404363,TTA tac AGG tga ***cATG,1,,,
ECMDS42_3230,wzxE,1,3406725,3406742,tgg cgt AGG cgg gcATG,1,,,
ECMDS42_3231,rffT,1,3407798,3407818,gcc gcc AGG gag gtc gcATG,0,CGG,,
ECMDS42_3277,tatB,1,3451927,3451953,tcg tcg AGT gat aaa ccg taa acATG,0,TCG,,
ECMDS42_3308,glnL,-1,3484489,3484518,cct atc AGG aaa taa *********ttATG,0,,,
ECMDS42_3339,frvA,-1,3521577,3521605,acc ctc AGC tca taa ******ggcgATG,0,,,
ECMDS42_3410,murB,1,3602270,3602299,gaa gtg AGC gca gtg gag aca att tcATG,0,,,
ECMDS42_3430,thiF,-1,3622048,3622061,gga gga agcaATG,0,,,
ECMDS42_3511,nrfC,1,3719679,3719693,gag gtg AGC caATG,1,,,
ECMDS42_3514,nrfF,1,3722740,3722760,cga gtg AGG gcg aag cgATG,1,,,
ECMDS42_3524,alsE,-1,3736899,3736924,gca aaa AGC gag gta cag cctcATG,0,,,
ECMDS42_3525,alsC,-1,3737578,3737606,ctt atc AGT aag taa ******gaacATG,0,,,
ECMDS42_3526,alsA,-1,3738569,3738598,gac atg AGC gaa gag gag att atg gcATG,0,,,
ECMDS42_3534,phnM,-1,3745182,3745202,ggt aaa AGG gtg ttc tgATG,1,,,
ECMDS42_3537,phnJ,-1,3747864,3747890,caa cag AGC gag gca aaa aac caATG,0,,,
ECMDS42_3553,eptA,-1,3763050,3763073,act tgc AGG AGA gtg AGT gaATG,1,,,
ECMDS42_3564,dcuS,-1,3779134,3779154,ggg gag AGG tcg aac agATG,1,,,
ECMDS42_3671,ytfT,1,3882676,3882689,gta cgt AGC cGTG,0,,,
ECMDS42_3687,pyrL,-1,3901495,3901516,ggc gtc AGG AGA taa aagATG,1,,,
ECMDS42_3717,dnaT,-1,3935516,3935536,gga ttc AGA ggg taa cgATG,1,,,
ECMDS42_3737,yjjI,-1,3950084,3950097,gtg ata agccATG,1,,,
ECMDS42_3755,creB,1,3971217,3971243,gga tat AGC ctg AGG ggc ctg taATG,1,,,
