"codon","attempted_remove","amino_acid","original_usage","projected_usage"
"TGA","FALSE","*",0.28,
"TAG","TRUE","*",0.07,0
"TAA","FALSE","*",0.65,
"GCC","FALSE","A",0.27,
"GCA","FALSE","A",0.21,
"GCT","FALSE","A",0.16,
"GCG","FALSE","A",0.37,
"TGC","FALSE","C",0.56,
"TGT","FALSE","C",0.44,
"GAT","FALSE","D",0.63,
"GAC","FALSE","D",0.37,
"GAA","FALSE","E",0.7,
"GAG","FALSE","E",0.3,
"TTT","FALSE","F",0.57,
"TTC","FALSE","F",0.43,
"GGA","FALSE","G",0.1,
"GGC","FALSE","G",0.41,
"GGT","FALSE","G",0.34,
"GGG","FALSE","G",0.15,
"CAT","FALSE","H",0.57,
"CAC","FALSE","H",0.43,
"ATA","FALSE","I",0.06,
"ATC","FALSE","I",0.43,
"ATT","FALSE","I",0.51,
"AAA","FALSE","K",0.77,
"AAG","FALSE","K",0.23,
"TTG","TRUE","L",0.13,0
"TTA","TRUE","L",0.13,0
"CTA","FALSE","L",0.03,0.02
"CTC","FALSE","L",0.1,0.08
"CTT","FALSE","L",0.1,0.08
"CTG","FALSE","L",0.51,
"ATG","FALSE","M",1,
"AAC","FALSE","N",0.56,
"AAT","FALSE","N",0.44,
"CCC","FALSE","P",0.12,
"CCA","FALSE","P",0.19,
"CCT","FALSE","P",0.15,
"CCG","FALSE","P",0.54,
"CAG","FALSE","Q",0.65,
"CAA","FALSE","Q",0.35,
"CGG","FALSE","R",0.09,0.08
"AGA","TRUE","R",0.03,0
"AGG","TRUE","R",0.01,0
"CGA","FALSE","R",0.06,0.05
"CGC","FALSE","R",0.41,
"CGT","FALSE","R",0.4,
"AGC","TRUE","S",0.28,0
"TCC","FALSE","S",0.15,0.16
"AGT","TRUE","S",0.15,0
"TCA","FALSE","S",0.12,0.1
"TCG","FALSE","S",0.16,0.17
"TCT","FALSE","S",0.15,0.16
"ACC","FALSE","T",0.45,
"ACA","FALSE","T",0.12,
"ACG","FALSE","T",0.27,
"ACT","FALSE","T",0.16,
"GTC","FALSE","V",0.21,
"GTA","FALSE","V",0.15,
"GTG","FALSE","V",0.38,
"GTT","FALSE","V",0.26,
"TGG","FALSE","W",1,
"TAT","FALSE","Y",0.56,
"TAC","FALSE","Y",0.44,
